"category","path_or_id","runtime_reference","unique_hash","provenance_rights","state"
"asset","assets/ASSET_MANIFEST.assetType.translation","RuntimeRegistry/catalog","ca559c5a5243b72e9a31182cd14df1b319a0d28739729f7f3f3f83d384b3b1dd","UNVERIFIED","USED"
"npc_portrait","assets/portraits/noah_stern_neutral.svg","RuntimeRegistry/catalog","8a3d504951a1f91f9de52cb3561aa82cfd84fb2e07a8788c6684f470acae5669","UNVERIFIED","USED"
"npc_portrait","assets/portraits/noah_stern_positive.svg","RuntimeRegistry/catalog","a5ca13669152e987bf3abc27d60e0e6dd1ff9af72ef233c1ce58d20592942750","UNVERIFIED","USED"
"npc_portrait","assets/portraits/noah_stern_surprised.svg","RuntimeRegistry/catalog","05932840784b23632b80d24118d4c79049c85d8e3d667fc3784051aff88d379c","UNVERIFIED","USED"
"npc_portrait","assets/portraits/victor_hale_concerned.svg","RuntimeRegistry/catalog","0c73bb34376fd87f44f4c50fb92c65b97b654460d79ad429a435199032fb64fd","UNVERIFIED","USED"
"npc_portrait","assets/portraits/victor_hale_neutral.svg","RuntimeRegistry/catalog","1a82c429c7d735e682dcd7104b7c096193cd069bfc22b37c67979508ceee412e","PROJECT_GENERATED","USED"
"npc_portrait","assets/portraits/victor_hale_positive.svg","RuntimeRegistry/catalog","2133dafb8807e6d69b8fc455b01d5374bf7bb35a87fbb4d6c0891f181a217517","UNVERIFIED","USED"
"npc_portrait","assets/portraits/victor_hale_surprised.svg","RuntimeRegistry/catalog","642045686b6405f744bc86172804252a28a42e006d3cf3f87cb43f254070b43f","UNVERIFIED","USED"
"workshop_prop_icon","assets/props/prop_01.svg","RuntimeRegistry/catalog","d0e23f4b3042054dc2cbef2de2b7fb7303254c6e5550fe978b9dab088dcdcf26","UNVERIFIED","USED"
"workshop_prop_icon","assets/props/prop_02.svg","RuntimeRegistry/catalog","1aa53e1c3296c1e338e5492522d31075eef60e52d7341b52b09c66f510a5c0fe","UNVERIFIED","USED"
"workshop_prop_icon","assets/props/prop_03.svg","RuntimeRegistry/catalog","c303fd891d3165b687857903088e4e807ec86ff2a866952b3ffbe90b7ebccdb3","UNVERIFIED","USED"
"workshop_prop_icon","assets/props/prop_04.svg","RuntimeRegistry/catalog","8710ec58b164dac432b66ee7d0b44a84a98b58c75713272560688d944df1742e","UNVERIFIED","USED"
"workshop_prop_icon","assets/props/prop_05.svg","RuntimeRegistry/catalog","c1049c2f8c06c4cd10decc778fa08b4102ab8236a967682ec1dde37edc1ac83c","UNVERIFIED","USED"
"workshop_prop_icon","assets/props/prop_06.svg","RuntimeRegistry/catalog","d3eff18fa7d7fee1ecec3ad8a64b4f7008375ea216e02c9dab14ff5b4eb5c7b7","UNVERIFIED","USED"
"workshop_prop_icon","assets/props/prop_07.svg","RuntimeRegistry/catalog","69c77ed6268d0dbe7ad9e9bd9e532e8c86de98fb230bfc55d3162cc6f7e861b7","UNVERIFIED","USED"
"workshop_prop_icon","assets/props/prop_08.svg","RuntimeRegistry/catalog","e6b8747bd457734b0233d47eb7695622b8956a8564c3f6a2af2795555cfcda47","UNVERIFIED","USED"
"workshop_prop_icon","assets/props/prop_09.svg","RuntimeRegistry/catalog","88ebd7f0b0517c8c1ba22621bf02dcc6300858263145a6103081adb6d8c9a545","UNVERIFIED","USED"
"workshop_prop_icon","assets/props/prop_10.svg","RuntimeRegistry/catalog","e17cc1eefad4ca0b6b0edb0eae53b538f0d9de3d2c1793c11eded93506de59c6","UNVERIFIED","USED"
"workshop_prop_icon","assets/props/prop_11.svg","RuntimeRegistry/catalog","45e371a902d833cb82eb66b9f7492934a88d7dd3d02e2cf2bef783918265f5e1","UNVERIFIED","USED"
"workshop_prop_icon","assets/props/prop_12.svg","RuntimeRegistry/catalog","654c5f5fd111f3660f8baee6ab2414616427383b9eccaedccb43276397495799","UNVERIFIED","USED"
"workshop_prop_icon","assets/props/prop_13.svg","RuntimeRegistry/catalog","2f9813b02e2818da659a1c1956f6ff917144f31eb6bdb12c8cc109f30bb2a9fc","UNVERIFIED","USED"
"workshop_prop_icon","assets/props/prop_14.svg","RuntimeRegistry/catalog","41a452d66304f4ef50eb5908f7e49c53ad4d68e5f01084cb3dc83c8b9d001a88","UNVERIFIED","USED"
"workshop_prop_icon","assets/props/prop_15.svg","RuntimeRegistry/catalog","bb1230c8fd9ef775e82e33372e855de427652a240b68b9700477747ad769f8c0","UNVERIFIED","USED"
"workshop_prop_icon","assets/props/prop_16.svg","RuntimeRegistry/catalog","3e5a02e1b9cd2022ad7313e38a4acb85c22af4954a013e5e27f639124ed07d56","UNVERIFIED","USED"
"workshop_prop_icon","assets/props/prop_17.svg","RuntimeRegistry/catalog","cbf227747e3939b47a7f12c4a7efd808c396bc86deedc0e9acc14ca50c6cc870","UNVERIFIED","USED"
"workshop_prop_icon","assets/props/prop_18.svg","RuntimeRegistry/catalog","60e89cfdb5b17b41c76322fc49793ebe758da5055d176bfcc2b75b6468316f13","UNVERIFIED","USED"
"npc_portrait","assets/portraits/noah_stern_concerned.svg","RuntimeRegistry/catalog","4d1e7f8006ac7f3357bfccf2b9fe8497cd60916eb5c62f13f638aae94bff6ea0","PROJECT_GENERATED","USED"
"npc_portrait","assets/portraits/mara_venn_surprised.svg","RuntimeRegistry/catalog","4adff9bcdcb4cdff1e372d33e4fb23a26c07cc001114c0114a75e35152b404ae","UNVERIFIED","USED"
"npc_portrait","assets/portraits/mara_venn_positive.svg","RuntimeRegistry/catalog","6032c31285460817c00c65a5a2bfe8ff6302b739311dc47b2db93783f6f01f67","UNVERIFIED","USED"
"npc_portrait","assets/portraits/mara_venn_neutral.svg","RuntimeRegistry/catalog","3dbf96fd874694bb80b780bd73da069a1dcab390ea328b86f8c102d2d0840f09","UNVERIFIED","USED"
"npc_portrait","assets/portraits/buyer_08.svg","RuntimeRegistry/catalog","3ea88c1f39b406aa9a1243cf3bed125237cb449845f8b20510899805fafadb97","UNVERIFIED","USED"
"npc_portrait","assets/portraits/buyer_09.svg","RuntimeRegistry/catalog","a0823d4274ac75312c02a9e81e948cd4b85201a91a84d91796cfe29fe203c344","UNVERIFIED","USED"
"npc_portrait","assets/portraits/buyer_10.svg","RuntimeRegistry/catalog","732aa9cc70abf0bee5324523d8aa8b57a0562f4d6a24ba4b7d96ba3174f2354b","UNVERIFIED","USED"
"npc_portrait","assets/portraits/buyer_11.svg","RuntimeRegistry/catalog","48b3a4811486ef9d663d70a6205f8590e60950053cd530ae5dd816718450c294","UNVERIFIED","USED"
"npc_portrait","assets/portraits/buyer_12.svg","RuntimeRegistry/catalog","2762479cd3cbf15d7a91c279d97133cb761af72040f4d9ca0bf59cc22f9aae85","UNVERIFIED","USED"
"npc_portrait","assets/portraits/dorian_vale_concerned.svg","RuntimeRegistry/catalog","dd27877996d9c2d3e3215f39a1d8aa25e406d15008d4793cf465add8ebd14a01","UNVERIFIED","USED"
"npc_portrait","assets/portraits/dorian_vale_neutral.svg","RuntimeRegistry/catalog","3d317345f9a1ba7ceda23756c25cb1a9ea406cd249b8c264aab2298c6fdd73db","UNVERIFIED","USED"
"npc_portrait","assets/portraits/dorian_vale_positive.svg","RuntimeRegistry/catalog","d699d41e786d8c3180714fb581dcdd47036838f33e1225a439243853fec736b3","UNVERIFIED","USED"
"npc_portrait","assets/portraits/dorian_vale_surprised.svg","RuntimeRegistry/catalog","34b45091796abf9f372f2eb576d0f87386f661f2ea4b8949f57c9aac2b5267d0","UNVERIFIED","USED"
"npc_portrait","assets/portraits/elias_rowe_concerned.svg","RuntimeRegistry/catalog","40d2b45676d278310785a373d7ab7033f4359b9eb91479b906473d5ac120c277","UNVERIFIED","USED"
"npc_portrait","assets/portraits/elias_rowe_neutral.svg","RuntimeRegistry/catalog","a4726094c30ee90703ad7d00e3d8b19cb3f51bc671e155284997b6177dd382ae","UNVERIFIED","USED"
"npc_portrait","assets/portraits/elias_rowe_positive.svg","RuntimeRegistry/catalog","88722451f6e27ce3506a56528bbd6eb4a753fe0a82be51048090d5a985e0ebba","UNVERIFIED","USED"
"workshop_prop_icon","assets/props/prop_19.svg","RuntimeRegistry/catalog","0bc40935ab6116b77ccb705a896831c5e6e78d40a50554871784273501873054","UNVERIFIED","USED"
"npc_portrait","assets/portraits/elias_rowe_surprised.svg","RuntimeRegistry/catalog","a7cb9562f2e9378df94056cf74bb2ea40c9b0af19e513e0d38f8133262c0df61","UNVERIFIED","USED"
"npc_portrait","assets/portraits/hana_mire_neutral.svg","RuntimeRegistry/catalog","436a3c804800dd4631e3906b9ddbc1f938e0d76320c2f6addc8b152353010fee","UNVERIFIED","USED"
"npc_portrait","assets/portraits/hana_mire_positive.svg","RuntimeRegistry/catalog","0b7803a29ae02442fe508325f9a53a6191ce5490feff1716c043039bddba2a20","UNVERIFIED","USED"
"npc_portrait","assets/portraits/hana_mire_surprised.svg","RuntimeRegistry/catalog","1154a609b86c106d929486bd3610dc7fc8725be619f73f71566ac6072f2cb679","UNVERIFIED","USED"
"npc_portrait","assets/portraits/iris_bell_concerned.svg","RuntimeRegistry/catalog","10d4d9b62b778cfd4ec032033f50942e12d747c5508d3ac508f3d3382048428f","PROJECT_GENERATED","USED"
"npc_portrait","assets/portraits/iris_bell_neutral.svg","RuntimeRegistry/catalog","fa3fcbd97e4d1004c7934e9b9006f316b1fd034e2c5883fb3198746922aa1101","UNVERIFIED","USED"
"npc_portrait","assets/portraits/iris_bell_positive.svg","RuntimeRegistry/catalog","dcdf74ad514b5846cf30990dff2384fea88e606b58eefb852347a10f3369f2f4","UNVERIFIED","USED"
"npc_portrait","assets/portraits/iris_bell_surprised.svg","RuntimeRegistry/catalog","f56deb9d251c6c207af9c0057b0bc6572459d30ac4ad41f43395487be0b9e750","UNVERIFIED","USED"
"npc_portrait","assets/portraits/lena_falk_concerned.svg","RuntimeRegistry/catalog","962feec40e6b9a9ceb74e6e55237a8af74ca8406aaee8d755e7949478beb3a6b","PROJECT_GENERATED","USED"
"npc_portrait","assets/portraits/lena_falk_neutral.svg","RuntimeRegistry/catalog","dee11d9db0ae01d24d2ca74e3ef704c533f3a093a488f0b1d10495d14c65948e","UNVERIFIED","USED"
"npc_portrait","assets/portraits/lena_falk_positive.svg","RuntimeRegistry/catalog","806241e88e7d3043169a4f93677fc501b541a0c90e0e1168465e5d1fa316b557","UNVERIFIED","USED"
"npc_portrait","assets/portraits/lena_falk_surprised.svg","RuntimeRegistry/catalog","a93d2fa4a30ee7165974b66eb3d33e731ba3b0f6a3bb28b00579bdd812073f41","UNVERIFIED","USED"
"npc_portrait","assets/portraits/mara_venn_concerned.svg","RuntimeRegistry/catalog","f8af5be328611ca03242574b2a77e72db68d37f0c6cc18284448d8579c22e615","PROJECT_GENERATED","USED"
"npc_portrait","assets/portraits/hana_mire_concerned.svg","RuntimeRegistry/catalog","f778859e3e70b6217bb68128d568e69d1c3ed9f5541a3f02ef6be293f1523604","PROJECT_GENERATED","USED"
"workshop_prop_icon","assets/props/prop_20.svg","RuntimeRegistry/catalog","9c634e1166b2eeb995251aa84e0a08118bffb1f8ab065caf143a03b8dd83b62d","UNVERIFIED","USED"
"workshop_prop_icon","assets/props/prop_21.svg","RuntimeRegistry/catalog","bcbda7bb206e642b7ba9d6a3297052211ec71f00877ef083fcb4ad57b35f688f","UNVERIFIED","USED"
"workshop_prop_icon","assets/props/prop_22.svg","RuntimeRegistry/catalog","43760a91647d0b0a8255435bd88bfc0303a31339cfab4d50dca6b21494557be8","UNVERIFIED","USED"
"workshop_prop_mesh","assets/workshop_props/stool.obj","RuntimeRegistry/catalog","2728c209e0821693d407163caafc27d32103ff130b014886af5608dfecff72da","UNVERIFIED","USED"
"workshop_prop_mesh","assets/workshop_props/storage_bin.obj","RuntimeRegistry/catalog","5ad22c565e615eba88275a9bde76d60a6eb52c597858bddeb6e27d05fd8508a0","UNVERIFIED","USED"
"workshop_prop_mesh","assets/workshop_props/storage_crate.obj","RuntimeRegistry/catalog","97e2003d38577417bf0953d181add5cc36f1ac0ae5b9c3d7e541a0493ed87e25","UNVERIFIED","USED"
"workshop_prop_mesh","assets/workshop_props/tool_cabinet.obj","RuntimeRegistry/catalog","0e77e96a767efeae065e2764810857b4e34a10fd059b6004e2f36c0da1e97b40","UNVERIFIED","USED"
"workshop_prop_mesh","assets/workshop_props/tool_rack.obj","RuntimeRegistry/catalog","f01541b5a65aa6cd5efe7e1e90f093dcd3a8d046217001b79a13cf18ab53825c","UNVERIFIED","USED"
"workshop_prop_mesh","assets/workshop_props/tripod.obj","RuntimeRegistry/catalog","50f7a5d46ce8f103361ff746114fad191940fc22fd7fbaeb86820dc83172dc0c","UNVERIFIED","USED"
"workshop_prop_mesh","assets/workshop_props/waste_bin.obj","RuntimeRegistry/catalog","f56263ebf1b1b22318570e4a6f1b51678894a9c5adc3bd06ef921c038a806d72","UNVERIFIED","USED"
"workshop_prop_mesh","assets/workshop_props/workbench.obj","RuntimeRegistry/catalog","4583dbec57e2088414280dda4c60f677ed3542207a29ec2fe27b384f1a268657","UNVERIFIED","USED"
"audio","audio/auction_bid.wav","RuntimeRegistry/catalog","cff175b237e59d87efe9d619626504f00259cfb26b2c755eebe3c38c103fca36","UNVERIFIED","USED"
"audio","audio/auction_hammer.wav","RuntimeRegistry/catalog","eb0893a483cfa122885eee9f7eebf56f4acb239d316314d875aa3c1a5bec30af","UNVERIFIED","USED"
"audio","audio/box.wav","RuntimeRegistry/catalog","b2a70c53fe679764f1c85ca44f738d3f60f95257924629ee38da76b87657438a","UNVERIFIED","USED"
"audio","audio/brush.wav","RuntimeRegistry/catalog","f268ba9f53a6f41164293f23240880fb13edcb0523501d2cd9f2cdc25e27aaeb","UNVERIFIED","USED"
"workshop_prop_mesh","assets/workshop_props/shelf.obj","RuntimeRegistry/catalog","0d54d23ab1b2b9497871582375ee4360448eec6ccf2d76509a9d860bd09cdb66","UNVERIFIED","USED"
"audio","audio/cabinet.wav","RuntimeRegistry/catalog","b8910f6cc2fdbfa7ae2a996be3bb8bf454458086ede7e0d0b1c145966e10a028","UNVERIFIED","USED"
"audio","audio/cloth.wav","RuntimeRegistry/catalog","a3917f82ba6b4cdf92fd095acdbfb991275fe8078cd5706a8add551a866b34ac","UNVERIFIED","USED"
"audio","audio/coin_cue.wav","RuntimeRegistry/catalog","cff175b237e59d87efe9d619626504f00259cfb26b2c755eebe3c38c103fca36","UNVERIFIED","USED"
"audio","audio/drawer.wav","RuntimeRegistry/catalog","9db9225527d5fd7469cc738d1edd1b921ae02d0b7fbfca8867dc6788bfab6205","UNVERIFIED","USED"
"audio","audio/metal_click.wav","RuntimeRegistry/catalog","12d59f66ff0e088eedaecf400ee00ed7210cb0f99223896efd475ff19356a2c9","UNVERIFIED","USED"
"audio","audio/object_place.wav","RuntimeRegistry/catalog","e921c906d46f7ad86c498679c1ef079e62968ed78c41dbd1f71361e189fcd065","UNVERIFIED","USED"
"audio","audio/packaging.wav","RuntimeRegistry/catalog","cc36d9f74e6136ebd3181afad584eeb2c44f48e4242235fe13ccef23c2166314","UNVERIFIED","USED"
"audio","audio/purchase.wav","RuntimeRegistry/catalog","b2a70c53fe679764f1c85ca44f738d3f60f95257924629ee38da76b87657438a","UNVERIFIED","USED"
"audio","audio/sale_success.wav","RuntimeRegistry/catalog","b8910f6cc2fdbfa7ae2a996be3bb8bf454458086ede7e0d0b1c145966e10a028","UNVERIFIED","USED"
"audio","audio/scanner.wav","RuntimeRegistry/catalog","49f268b70c0b6a79328d789b1ce7e0772ad7836f4826d23fbb1a0067cb2f5a83","UNVERIFIED","USED"
"audio","audio/screw.wav","RuntimeRegistry/catalog","1e6aa6b511c64ab952f7c1b147b926c3b4cdc8a53c70c873180204e346806e32","UNVERIFIED","USED"
"audio","audio/tool_pick.wav","RuntimeRegistry/catalog","a3917f82ba6b4cdf92fd095acdbfb991275fe8078cd5706a8add551a866b34ac","UNVERIFIED","USED"
"audio","audio/ui_click.wav","RuntimeRegistry/catalog","df3af8e68702dad4ff950fd9d58565c9b644f289d338869480b14424b8e1ac3d","UNVERIFIED","USED"
"audio","audio/camera_shutter.wav","RuntimeRegistry/catalog","2423a953c42936647b511e90097fe0db6703c994eec39bf042ba1e851daffae8","UNVERIFIED","USED"
"npc_portrait","assets/portraits/buyer_07.svg","RuntimeRegistry/catalog","ed5fe0e4b8d80534e2b81883b2262e93731d7b536a8264118037a064ddc15953","UNVERIFIED","USED"
"workshop_prop_mesh","assets/workshop_props/photo_backdrop.obj","RuntimeRegistry/catalog","821a1e37523bad8ffe3d66c770f1853df9bd57a882bbd348d15fa1b2ca8fa653","UNVERIFIED","USED"
"workshop_prop_mesh","assets/workshop_props/padded_case.obj","RuntimeRegistry/catalog","2ac9445e419b0f7e741fb3feacfa02fb9336e3a71bd0f51a5b6872d83bbdf293","UNVERIFIED","USED"
"workshop_prop_icon","assets/props/prop_23.svg","RuntimeRegistry/catalog","44664714fa14ace206e17d196a12fe9e23af67c24c5a3cc014f00441931363fd","UNVERIFIED","USED"
"workshop_prop_icon","assets/props/prop_24.svg","RuntimeRegistry/catalog","9e022b78182c4f21c2166c78ae4ced38d87628a4fa809d2bc64fe7d5ab7cd122","UNVERIFIED","USED"
"workshop_prop_icon","assets/props/prop_25.svg","RuntimeRegistry/catalog","ec5ab667434cefecf73198ab6f192605ea147d1ad3477507edefae1796bc45f9","UNVERIFIED","USED"
"workshop_prop_icon","assets/props/prop_26.svg","RuntimeRegistry/catalog","8c4d8fca520bff611729320f37dbc29c334da665d3fe5eec27bb7e7768240c2c","UNVERIFIED","USED"
"workshop_prop_icon","assets/props/prop_27.svg","RuntimeRegistry/catalog","4784fcd8fbcd8ddefd1bf7a9637e056aead5f266423f56eb2b85ebc54bdf2e17","UNVERIFIED","USED"
"workshop_prop_icon","assets/props/prop_28.svg","RuntimeRegistry/catalog","a738d2a8d996fc7f70c3eab36a4272cb946c7ee6fc8d89f6be7a86d378bbcfc0","UNVERIFIED","USED"
"workshop_prop_icon","assets/props/prop_29.svg","RuntimeRegistry/catalog","5cbbaecbc13ec474f2d24983e674d9da1f40eb530466e19944f943659d075a8d","UNVERIFIED","USED"
"workshop_prop_icon","assets/props/prop_30.svg","RuntimeRegistry/catalog","027f54115f2beaf81e0f1446381cef4a9e238d2a34100f58697c2f137c2300f1","UNVERIFIED","USED"
"workshop_prop_icon","assets/props/prop_31.svg","RuntimeRegistry/catalog","12f0666b8c6999edbf375bbff75436fa3dfbffe1a3ae2a1bcf8362cc1def7b8a","UNVERIFIED","USED"
"workshop_prop_icon","assets/props/prop_32.svg","RuntimeRegistry/catalog","49a7577fcd8a1ddadc925d1341fed981521ab729ad587ffb2fedcc529a739f14","UNVERIFIED","USED"
"workshop_prop_icon","assets/props/prop_33.svg","RuntimeRegistry/catalog","b84bec493084748aa5fbcc8cb98f78382ef7d8474cc082c0264d624e9625c4ef","UNVERIFIED","USED"
"workshop_prop_icon","assets/props/prop_34.svg","RuntimeRegistry/catalog","73be9fb8e192f09beaa88b58a4ebd90916114ec0ea97ff98421d0b97108aa642","UNVERIFIED","USED"
"workshop_prop_mesh","assets/workshop_props/parts_tray.obj","RuntimeRegistry/catalog","eb7f0456cbcba5f7f8d013ea2dc4acff5f0a3c485b04e2b6d52100bf44971a45","UNVERIFIED","USED"
"workshop_prop_icon","assets/props/prop_35.svg","RuntimeRegistry/catalog","c147f06c83f05cc626ee3f0ed92d594ba2b6d35b8bc23663d5711d22dde253d7","UNVERIFIED","USED"
"workshop_prop_mesh","assets/workshop_props/computer_terminal.obj","RuntimeRegistry/catalog","43ae43935b1e445a80fd99badfe42ceb7ddd3efb14af46b8b8a515207617fa1e","UNVERIFIED","USED"
"workshop_prop_mesh","assets/workshop_props/delivery_cart.obj","RuntimeRegistry/catalog","9afeaa32f04e5323ec2d8b0acb8b92a6e06e7d1a838479df0ff65b2dc7a9b074","UNVERIFIED","USED"
"workshop_prop_mesh","assets/workshop_props/desk_lamp.obj","RuntimeRegistry/catalog","a149d0faf45b77f9ed07ed54473205dfd1845e8346c66d27b035b6bbff369d8d","UNVERIFIED","USED"
"workshop_prop_mesh","assets/workshop_props/desk.obj","RuntimeRegistry/catalog","235655f338874646e9cc83403d6dc4b94cb3ffb24d41aa576e41ef5ebb74892f","UNVERIFIED","USED"
"workshop_prop_mesh","assets/workshop_props/display_cabinet.obj","RuntimeRegistry/catalog","ae778d4a5d3f4227dda8a286657a30a66140f70e9b3dd2e35f34579e88aef227","UNVERIFIED","USED"
"workshop_prop_mesh","assets/workshop_props/drawer_unit.obj","RuntimeRegistry/catalog","c0b25494d7dbed7c51fbc1666ccf887025723da038e9e1795c44ef711d036568","UNVERIFIED","USED"
"workshop_prop_mesh","assets/workshop_props/floor_lamp.obj","RuntimeRegistry/catalog","bdc9c8bc96985e6463d8f2d6500eda2fa0b6841a52c6ad6c1389352a0a10449a","UNVERIFIED","USED"
"workshop_prop_mesh","assets/workshop_props/inspection_lamp.obj","RuntimeRegistry/catalog","b8fd9b18ef5117b221539e47774242351120a0b25ab86efc232df0652f52a97a","UNVERIFIED","USED"
"workshop_prop_mesh","assets/workshop_props/inspection_mat.obj","RuntimeRegistry/catalog","8b8234f99362456f61e717fcb24d00e5c7c17fa17b12e5664549ec848d657be5","UNVERIFIED","USED"
"workshop_prop_mesh","assets/workshop_props/magnifier_stand.obj","RuntimeRegistry/catalog","0f63ef08d66a500a140382dbfc6273f16dcd8396533d8867ef394d4fc57d83f6","UNVERIFIED","USED"
"workshop_prop_mesh","assets/workshop_props/materials.mtl","RuntimeRegistry/catalog","c691603d233b3e2e14a63cc9a70a8d420017f0c352dc7b69cfcf1e3fde04ad39","UNVERIFIED","USED"
"workshop_prop_mesh","assets/workshop_props/packaging_box.obj","RuntimeRegistry/catalog","757dc30a9b1404bfeaa43de6614bed653677a5048776a9090c5d4b6a67711fa9","UNVERIFIED","USED"
"workshop_prop_mesh","assets/workshop_props/catalog_stand.obj","RuntimeRegistry/catalog","cabf5b4496cf28f531c7153482d002986f773c73494f3fa25897df826363b5c3","UNVERIFIED","USED"
"audio","audio/ui_hover.wav","RuntimeRegistry/catalog","12d59f66ff0e088eedaecf400ee00ed7210cb0f99223896efd475ff19356a2c9","UNVERIFIED","USED"
"npc_portrait","assets/portraits/buyer_06.svg","RuntimeRegistry/catalog","c97b1445f9da06ae58c12c28812562c2caed1c433e16cc0f8192f53dc24e8844","UNVERIFIED","USED"
"npc_portrait","assets/portraits/buyer_04.svg","RuntimeRegistry/catalog","78010e595de9c5bc304a575ecabcd9672c9c521aeddc780137322dc4a7088fbe","UNVERIFIED","USED"
"artifact_mesh","assets/artifacts/model_15.obj","RuntimeRegistry/catalog","da05a9705bd0b796ede3d020d6383a85b187385f9e3089069ab36a70b5989518","UNVERIFIED","USED"
"artifact_mesh","assets/artifacts/music_box.obj","RuntimeRegistry/catalog","fda50ba18fa8caed32b05e762d1122fcc5aae21e7087953700dc6c07f344e46b","UNVERIFIED","USED"
"artifact_mesh","assets/artifacts/radio.obj","RuntimeRegistry/catalog","da05a9705bd0b796ede3d020d6383a85b187385f9e3089069ab36a70b5989518","UNVERIFIED","USED"
"artifact_mesh","assets/artifacts/record_player.obj","RuntimeRegistry/catalog","e5e94c1fa32f1f0d70aa0e0f487caba8c465cdaf981ddfa13353b9889c50c3a8","UNVERIFIED","USED"
"artifact_mesh","assets/artifacts/telephone.obj","RuntimeRegistry/catalog","0b492c77dc7fdb8612fd062784eab5156f2903bf9c728b0fa8e722e53811790a","UNVERIFIED","USED"
"artifact_mesh","assets/artifacts/typewriter.obj","RuntimeRegistry/catalog","6aaf90dd8cc9bef72ad497775cff84ae00d5c60406951ee31041097aa3219ec4","UNVERIFIED","USED"
"artifact_mesh","assets/artifacts/vase.obj","RuntimeRegistry/catalog","f95e2db8b77ccb19d9b8cac9b4b44fc8417ccdf14706f7ddbcae34b973b7b79a","UNVERIFIED","USED"
"artifact_mesh","assets/artifacts/watch.obj","RuntimeRegistry/catalog","43bd1bf310aa59488dfbef9b66080883cab914e6a5740deb208ba3f72e7dc294","UNVERIFIED","USED"
"artifact_part","assets/artifacts/parts/camera_body.obj","RuntimeRegistry/catalog","e36c50438f7f8856100004410bd5f19ba704151656129db534c27080352a9105","UNVERIFIED","USED"
"artifact_part","assets/artifacts/parts/camera_dial.obj","RuntimeRegistry/catalog","afa48ddb4dec7b0fc18a2e48a817d828ad7e90a1b8e0e05be2f12ae8ac0349e6","UNVERIFIED","USED"
"artifact_part","assets/artifacts/parts/camera_lens.obj","RuntimeRegistry/catalog","b33a842a30625de7f40ec03aad064cf128f654bc8b213c63bc0be9b1a3b38025","UNVERIFIED","USED"
"artifact_part","assets/artifacts/parts/camera_mechanism.obj","RuntimeRegistry/catalog","107896cb041fe6a57cb5c8b8bdf7037dd3183ef2429fa51b91003e2badd01b7d","UNVERIFIED","USED"
"artifact_part","assets/artifacts/parts/camera_panel.obj","RuntimeRegistry/catalog","96ecae9df2d8f8e37db6285689e8f2ddc15e3fd688d894b03d16f8dd6bcd92ff","UNVERIFIED","USED"
"artifact_part","assets/artifacts/parts/camera_speaker.obj","RuntimeRegistry/catalog","deb8e71a0e602bd9b33fe52d5b50483be9118195b677a4a364608abba8f22003","UNVERIFIED","USED"
"artifact_part","assets/artifacts/parts/clock_body.obj","RuntimeRegistry/catalog","e89516e7c4451cca828ae916eded7c62d4aaa91f81afb7c4077b5725cc0ee101","UNVERIFIED","USED"
"artifact_part","assets/artifacts/parts/clock_dial.obj","RuntimeRegistry/catalog","01ed864c47d1ff32ce183bd89669a7037fda381f6d9a227049e06a6df8653a9e","UNVERIFIED","USED"
"artifact_part","assets/artifacts/parts/clock_lens.obj","RuntimeRegistry/catalog","849a02cef8dd8f493abd6e774e600ecb70c9fb6ce1578321a9501edeeaf1ffee","UNVERIFIED","USED"
"artifact_part","assets/artifacts/parts/clock_mechanism.obj","RuntimeRegistry/catalog","f67308617741e27b9ff1982d3bf819b09e953329f6dc755c00a37af2cd2cfc5a","UNVERIFIED","USED"
"artifact_part","assets/artifacts/parts/clock_panel.obj","RuntimeRegistry/catalog","1ac44fb12774baf3b386fe3530c5a473ba98aaac89ca0eff65dbf621d2a00232","UNVERIFIED","USED"
"artifact_part","assets/artifacts/parts/clock_speaker.obj","RuntimeRegistry/catalog","d35ce18f3bcb792f7fbf8857fa678dc0d99195bbb7f53199a30a0b0615d7c52d","UNVERIFIED","USED"
"artifact_part","assets/artifacts/parts/materials.mtl","RuntimeRegistry/catalog","c691603d233b3e2e14a63cc9a70a8d420017f0c352dc7b69cfcf1e3fde04ad39","UNVERIFIED","USED"
"artifact_part","assets/artifacts/parts/radio_body.obj","RuntimeRegistry/catalog","d9b9cea78ace52bc361b65ca6131dc1e8d8457e89035da9e8d987c3d9da80a8c","UNVERIFIED","USED"
"artifact_part","assets/artifacts/parts/radio_dial.obj","RuntimeRegistry/catalog","162c584d264ead5fee26ccb24c0c4b8501a851ee461534698be8623f2b09f4ff","UNVERIFIED","USED"
"artifact_part","assets/artifacts/parts/radio_lens.obj","RuntimeRegistry/catalog","cd591c02e5550c0bb87290cef29c05aea3b9dc8c1e59008732c19d63bcbf51cd","UNVERIFIED","USED"
"artifact_part","assets/artifacts/parts/radio_mechanism.obj","RuntimeRegistry/catalog","285d32128a520c7e1e8273be741fc8f06ec29a1f8653b30d43708d468b54ca94","UNVERIFIED","USED"
"artifact_mesh","assets/artifacts/model_14.obj","RuntimeRegistry/catalog","9e048d0898d0942ea40ab8765806ec2881483284e25af3e36fcd52c6459cc93e","UNVERIFIED","USED"
"artifact_mesh","assets/artifacts/model_13.obj","RuntimeRegistry/catalog","b3f0678fcc834bd901be1e63a697934063ebe5a7b494d6300bbecb5295617f7d","UNVERIFIED","USED"
"artifact_mesh","assets/artifacts/model_12.obj","RuntimeRegistry/catalog","6554e82648add39443e3d7343c076591106a58064e42c4e23c3a5f63d7634fc5","UNVERIFIED","USED"
"artifact_mesh","assets/artifacts/model_11.obj","RuntimeRegistry/catalog","ce99738e355da32fdc0f4192ab6449bbb11e7d33245b0adc090b06dd3c4e38f1","UNVERIFIED","USED"
"asset","assets/ASSET_MANIFEST.attributionRequired.translation","RuntimeRegistry/catalog","0950e0e9439702c15068ca012e5add2a33f57923a0dcf556d3e5f343c13e95c3","UNVERIFIED","USED"
"asset","assets/ASSET_MANIFEST.commercialUse.translation","RuntimeRegistry/catalog","cb3bb3a30a2995b6ae9f784a9d44e1cbeabe33f5df6639d883a9b69f2b9a3567","UNVERIFIED","USED"
"asset","assets/ASSET_MANIFEST.creator.translation","RuntimeRegistry/catalog","69f958acc8c62d7207c60fd90c115251ce476463ef5b38c4686769348ebac9fa","UNVERIFIED","USED"
"asset","assets/ASSET_MANIFEST.generatedBy.translation","RuntimeRegistry/catalog","ffd3af0ecfccf24756bd1644a93c25d444563b5a9d754ab734aaae6b9cccf5aa","UNVERIFIED","USED"
"asset","assets/ASSET_MANIFEST.license.translation","RuntimeRegistry/catalog","c71880c142483c31e302b1a55aa51f67bdf56728f77a6fabfea48e3b8eb19422","UNVERIFIED","USED"
"asset","assets/ASSET_MANIFEST.modificationAllowed.translation","RuntimeRegistry/catalog","ef8d9608d5143be5646bc779593ba9ca1f0e633899c57b61ead0d09ccc475699","UNVERIFIED","USED"
"asset","assets/ASSET_MANIFEST.notes.translation","RuntimeRegistry/catalog","4c64dd9568cfff19b318ac8c6e6edda3cffa358d050e939ef4403bf41495af69","UNVERIFIED","USED"
"asset","assets/ASSET_MANIFEST.path.translation","RuntimeRegistry/catalog","0b9d4ab74f0c34691762111051203eae4d057b93d4517f9a0abcab2bea81808b","UNVERIFIED","USED"
"asset","assets/ASSET_MANIFEST.redistributionAllowed.translation","RuntimeRegistry/catalog","b42a17acbff300d3d99d930067080c7bfd0482a4c08f6009a0f73b33a18167f7","UNVERIFIED","USED"
"asset","assets/ASSET_MANIFEST.sourceType.translation","RuntimeRegistry/catalog","c4e1fe5b5de56822423452313eac5b751bfb6b4ad527ae848a73d3e860ddadf6","UNVERIFIED","USED"
"artifact_mesh","assets/artifacts/binoculars.obj","RuntimeRegistry/catalog","038c9c5a0f42dc3bc3d24454a54862641bf866b151c5b92328f46b38778b07b3","UNVERIFIED","USED"
"artifact_mesh","assets/artifacts/camera.obj","RuntimeRegistry/catalog","9e048d0898d0942ea40ab8765806ec2881483284e25af3e36fcd52c6459cc93e","UNVERIFIED","USED"
"artifact_part","assets/artifacts/parts/radio_panel.obj","RuntimeRegistry/catalog","45613d0b5728b4ca3124d7da5aef32ac2266efc8b7fd722987f2578b7a9ee66c","UNVERIFIED","USED"
"artifact_mesh","assets/artifacts/clock.obj","RuntimeRegistry/catalog","b3f0678fcc834bd901be1e63a697934063ebe5a7b494d6300bbecb5295617f7d","UNVERIFIED","USED"
"artifact_mesh","assets/artifacts/gauge.obj","RuntimeRegistry/catalog","6554e82648add39443e3d7343c076591106a58064e42c4e23c3a5f63d7634fc5","UNVERIFIED","USED"
"artifact_mesh","assets/artifacts/materials.mtl","RuntimeRegistry/catalog","c691603d233b3e2e14a63cc9a70a8d420017f0c352dc7b69cfcf1e3fde04ad39","UNVERIFIED","USED"
"artifact_mesh","assets/artifacts/model_01.obj","RuntimeRegistry/catalog","b3f0678fcc834bd901be1e63a697934063ebe5a7b494d6300bbecb5295617f7d","UNVERIFIED","USED"
"artifact_mesh","assets/artifacts/model_02.obj","RuntimeRegistry/catalog","9e048d0898d0942ea40ab8765806ec2881483284e25af3e36fcd52c6459cc93e","UNVERIFIED","USED"
"artifact_mesh","assets/artifacts/model_03.obj","RuntimeRegistry/catalog","da05a9705bd0b796ede3d020d6383a85b187385f9e3089069ab36a70b5989518","UNVERIFIED","USED"
"artifact_mesh","assets/artifacts/model_04.obj","RuntimeRegistry/catalog","fda50ba18fa8caed32b05e762d1122fcc5aae21e7087953700dc6c07f344e46b","UNVERIFIED","USED"
"artifact_mesh","assets/artifacts/model_05.obj","RuntimeRegistry/catalog","6aaf90dd8cc9bef72ad497775cff84ae00d5c60406951ee31041097aa3219ec4","UNVERIFIED","USED"
"artifact_mesh","assets/artifacts/model_06.obj","RuntimeRegistry/catalog","0b492c77dc7fdb8612fd062784eab5156f2903bf9c728b0fa8e722e53811790a","UNVERIFIED","USED"
"artifact_mesh","assets/artifacts/model_07.obj","RuntimeRegistry/catalog","43bd1bf310aa59488dfbef9b66080883cab914e6a5740deb208ba3f72e7dc294","UNVERIFIED","USED"
"artifact_mesh","assets/artifacts/model_08.obj","RuntimeRegistry/catalog","f95e2db8b77ccb19d9b8cac9b4b44fc8417ccdf14706f7ddbcae34b973b7b79a","UNVERIFIED","USED"
"artifact_mesh","assets/artifacts/model_09.obj","RuntimeRegistry/catalog","038c9c5a0f42dc3bc3d24454a54862641bf866b151c5b92328f46b38778b07b3","UNVERIFIED","USED"
"artifact_mesh","assets/artifacts/model_10.obj","RuntimeRegistry/catalog","e5e94c1fa32f1f0d70aa0e0f487caba8c465cdaf981ddfa13353b9889c50c3a8","UNVERIFIED","USED"
"artifact_mesh","assets/artifacts/compass.obj","RuntimeRegistry/catalog","ce99738e355da32fdc0f4192ab6449bbb11e7d33245b0adc090b06dd3c4e38f1","UNVERIFIED","USED"
"artifact_mesh","assets/artifacts/sextant.obj","RuntimeRegistry/catalog","94a348f4ce16936b2643766a09626bb9a3f0ed39da50d2a835f12ddc48442802","PROJECT_GENERATED","USED"
"artifact_part","assets/artifacts/parts/radio_speaker.obj","RuntimeRegistry/catalog","ad0ce47f1fc5e718cebc895206ea9406f9d73417e315125b900d0ba2110cd7c6","UNVERIFIED","USED"
"ui_icon","assets/icons/icon_r2_01.svg","RuntimeRegistry/catalog","310678741d09d560161287630b5aef58a865685ede57776f2c71f156809fa984","UNVERIFIED","USED"
"ui_icon","assets/icons/icon_r2_02.svg","RuntimeRegistry/catalog","5a8766ca058b3bea9f17a5ef26371a97568858aece497de35b0ca0f2b80c0f2d","UNVERIFIED","USED"
"ui_icon","assets/icons/icon_r2_33.svg","RuntimeRegistry/catalog","a173f937cadb73b9ab208faa54fe265d43aba789f4fb04f4a58a4e2b167c45db","UNVERIFIED","USED"
"ui_icon","assets/icons/icon_r2_34.svg","RuntimeRegistry/catalog","5ac77851a45ddb9eaeacaca1d8fb94e4776a5db88bdda97bb3f0fd5f7272e30b","UNVERIFIED","USED"
"ui_icon","assets/icons/icon_r2_35.svg","RuntimeRegistry/catalog","6cb9ee1878065c9b32cfa9aa3a0e9a0eb0259aaa6a9785ce9a4de2cd18c663dd","UNVERIFIED","USED"
"ui_icon","assets/icons/icon_r2_36.svg","RuntimeRegistry/catalog","92de5e82ca3c1ea93ef77df6fdcfa9ad1cfcb357c424a6e8d3fbb37e25bf94d4","UNVERIFIED","USED"
"ui_icon","assets/icons/icon_r2_37.svg","RuntimeRegistry/catalog","08e2218f4ddf062b2040aa6023012ee0869817e57c5df7eb0eb2dbf21f822df0","UNVERIFIED","USED"
"ui_icon","assets/icons/icon_r2_38.svg","RuntimeRegistry/catalog","481b801ceea580a9097da0c36ee93f16653e982c7b3c50f6763d445c2ae98c65","UNVERIFIED","USED"
"ui_icon","assets/icons/icon_r2_39.svg","RuntimeRegistry/catalog","1e8b4fe52f38b70907b1126066a70d6dc03a949de58707c13c4e159ae25beecf","UNVERIFIED","USED"
"ui_icon","assets/icons/icon_r2_40.svg","RuntimeRegistry/catalog","3b7fd5640e02e39a54e1066a8644bbe424d6864a5069a020a22c4e4288d4d961","UNVERIFIED","USED"
"material","assets/materials/aged_paint.tres","RuntimeRegistry/catalog","596ec59a43e5617c87028fcf5d7e191f55392741dc0316173a4039c8719f3269","UNVERIFIED","USED"
"material","assets/materials/aged_wood.tres","RuntimeRegistry/catalog","5744684c9f08aa08bfec5d58c00d7d24d93fe977bdc10836ebc856ab9fe8c63b","UNVERIFIED","USED"
"material","assets/materials/black_leather.tres","RuntimeRegistry/catalog","272601cb20b3c1bc3082312d1a244f5827812105076d4a92788a3400df7f1e45","UNVERIFIED","USED"
"material","assets/materials/brass.tres","RuntimeRegistry/catalog","10f9ca272eaef5601aec0fdeb088419eb446b8e242e07508694021a2a6183217","UNVERIFIED","USED"
"ui_icon","assets/icons/icon_r2_32.svg","RuntimeRegistry/catalog","5427c53bbc8a49e3cc2b20e4cc69bac67ad11a4c48d9528f853678f023225f9f","UNVERIFIED","USED"
"material","assets/materials/brown_leather.tres","RuntimeRegistry/catalog","1e40e9e6c413cb73c9533f99c5b0c0b2705e8664b3bf3bb371d49d0bba4137d2","UNVERIFIED","USED"
"material","assets/materials/glass.tres","RuntimeRegistry/catalog","bd55a01ca3cc9953b1f557f4ae4c6d16ea9806f519fe989b19042753059253dd","UNVERIFIED","USED"
"material","assets/materials/painted_metal.tres","RuntimeRegistry/catalog","98b813b3f280e6d5fd7ecb68a9b7db79e93d4ab2526fcc554005343d470e5714","UNVERIFIED","USED"
"material","assets/materials/paper.tres","RuntimeRegistry/catalog","53294cba0fdef11f3d6517b6e923a359c7b6d64794e3e971679b1c9882ee2eb2","UNVERIFIED","USED"
"material","assets/materials/rubber.tres","RuntimeRegistry/catalog","272601cb20b3c1bc3082312d1a244f5827812105076d4a92788a3400df7f1e45","UNVERIFIED","USED"
"material","assets/materials/rusted_steel.tres","RuntimeRegistry/catalog","2652d81b25d53d22de1d60be7ac12d0861cf26a7a7345850962f51cb1e290537","UNVERIFIED","USED"
"material","assets/materials/steel.tres","RuntimeRegistry/catalog","412ffea51ad5ee555250c6a266002bc6ce5940acb9d0f820feab97ef592801ea","UNVERIFIED","USED"
"material","assets/materials/tarnished_brass.tres","RuntimeRegistry/catalog","b19057e753ffbb6d05c3cdffe9529f15c024e0b33ffd5010617ef321aca56ce2","UNVERIFIED","USED"
"material","assets/materials/wood_dark.tres","RuntimeRegistry/catalog","940cb8fb10c952e1a1cc36e821f8aaeb0bdcfda5fbfe4a44f23284711de88f75","UNVERIFIED","USED"
"material","assets/materials/wood_light.tres","RuntimeRegistry/catalog","5cbfa46a14430c97f49a38c8af1d38bedee5ba2d4dc02f4af7c3798001b957b7","UNVERIFIED","USED"
"npc_portrait","assets/portraits/buyer_01.svg","RuntimeRegistry/catalog","5f5f65d89dd67c206bc73fba969e72d2b5cd45a12f39bf661a65795f851be562","UNVERIFIED","USED"
"npc_portrait","assets/portraits/buyer_02.svg","RuntimeRegistry/catalog","fffde90a10ba814f00fcd4b224f870a2fda39d88cbb34057669ebe99bc8a7faf","UNVERIFIED","USED"
"npc_portrait","assets/portraits/buyer_03.svg","RuntimeRegistry/catalog","efaaaaa04caff7e745becf695f4ff91992ac27645413fd397946e22c59cee47a","UNVERIFIED","USED"
"material","assets/materials/ceramic.tres","RuntimeRegistry/catalog","68436da08febda4a8c71d445cb32dc69fdd578d19262946bc1e5895b048502e1","UNVERIFIED","USED"
"npc_portrait","assets/portraits/buyer_05.svg","RuntimeRegistry/catalog","bc075b459be1dcfa1359e5410972cfb875071e1b59b3b2e8cec86eb4918d9026","UNVERIFIED","USED"
"ui_icon","assets/icons/icon_r2_31.svg","RuntimeRegistry/catalog","430d90cc1f16ed64820ef2f0476986c116b26f93a287d2b803ee3a03150efc92","UNVERIFIED","USED"
"ui_icon","assets/icons/icon_r2_29.svg","RuntimeRegistry/catalog","d67cf1a8e063a9a14f13a7b9b4e5b4baab83e8386292a83db9e658f5e4b422a8","UNVERIFIED","USED"
"ui_icon","assets/icons/icon_r2_03.svg","RuntimeRegistry/catalog","621533e729957742ae4e151dcd4f1e78861842e1e74349524be0cb6b8f2f7d05","UNVERIFIED","USED"
"ui_icon","assets/icons/icon_r2_04.svg","RuntimeRegistry/catalog","f8116899eb6970f4c5109b1f35c969e81328799bdd13aab13ff26be7927d35f2","UNVERIFIED","USED"
"ui_icon","assets/icons/icon_r2_05.svg","RuntimeRegistry/catalog","728af4384ffbd924073f212075acd8648075cbac3c74c12685d00793a527a9aa","UNVERIFIED","USED"
"ui_icon","assets/icons/icon_r2_06.svg","RuntimeRegistry/catalog","192be41b638ee4bc74aea26858ce0f8a67475d1c2cb8cf1969fcd546b6f6e364","UNVERIFIED","USED"
"ui_icon","assets/icons/icon_r2_07.svg","RuntimeRegistry/catalog","7d8edaf55135b43fb1e1b53b9230ae837eeb21009adc23d9d013d0b439563358","UNVERIFIED","USED"
"ui_icon","assets/icons/icon_r2_08.svg","RuntimeRegistry/catalog","906511484f7eecebc7f1bc652b319085c7a359d68899ddade89c5275011e8b5e","UNVERIFIED","USED"
"ui_icon","assets/icons/icon_r2_09.svg","RuntimeRegistry/catalog","813b0c5962c46c7bad6943eb8aa65b14825140f7e9883db99ee3012bbe645fb7","UNVERIFIED","USED"
"ui_icon","assets/icons/icon_r2_10.svg","RuntimeRegistry/catalog","19f2f709708dfd586568e7571e0e2d242faa774725ea7e8adc881b5443cabafa","UNVERIFIED","USED"
"ui_icon","assets/icons/icon_r2_11.svg","RuntimeRegistry/catalog","1363c65c105b83dda6f564f6fdfc5ebf2506256dfa895b75f26aaaaf773045e0","UNVERIFIED","USED"
"ui_icon","assets/icons/icon_r2_12.svg","RuntimeRegistry/catalog","730b0258061ccb99f91ad0ba4bc20e74aaf7b329c617bb67a734deef579dbbd5","UNVERIFIED","USED"
"ui_icon","assets/icons/icon_r2_13.svg","RuntimeRegistry/catalog","acdc48ec074bb4d3efce8af3ac3398e0d0fb5a1909a132c89f0921eb6695d33b","UNVERIFIED","USED"
"ui_icon","assets/icons/icon_r2_14.svg","RuntimeRegistry/catalog","e9e6810de911fb393441962a803f282e1f4055b133c392cfa64475bf537bc2ed","UNVERIFIED","USED"
"ui_icon","assets/icons/icon_r2_30.svg","RuntimeRegistry/catalog","a2959fd1954e3f982e361c933e3621c254d0b2b6617b720a84f688b52ef0cabf","UNVERIFIED","USED"
"ui_icon","assets/icons/icon_r2_15.svg","RuntimeRegistry/catalog","bb153d302aa6f34c94d4a6c6325c2a7a0b494e09fa4a8b8ef1c1c81d46460b9a","UNVERIFIED","USED"
"ui_icon","assets/icons/icon_r2_17.svg","RuntimeRegistry/catalog","16acacf7f7bf1ad1cfd1862ea916625b3b16a5b5ec1952734d74cd6f5238ba7d","UNVERIFIED","USED"
"ui_icon","assets/icons/icon_r2_18.svg","RuntimeRegistry/catalog","fa7f3cd579bce4ab7e9a6f83135fa930e40a0d2a1a5a2d4327208cbc1b36ba0a","UNVERIFIED","USED"
"ui_icon","assets/icons/icon_r2_19.svg","RuntimeRegistry/catalog","e945d069a8649800777c3436e000746058320512661e6943271caf53fc8b0cc3","UNVERIFIED","USED"
"ui_icon","assets/icons/icon_r2_20.svg","RuntimeRegistry/catalog","6f43a7f7a5a1faecdd8e0dd2817d33708fff9b907db154b4be6e6d11f9825eaa","UNVERIFIED","USED"
"ui_icon","assets/icons/icon_r2_21.svg","RuntimeRegistry/catalog","9853c5906dd1886b3c9ace911cdb1d098723f8e0f939aa6d9a37671c7bd36d4e","UNVERIFIED","USED"
"ui_icon","assets/icons/icon_r2_22.svg","RuntimeRegistry/catalog","9ef0217e5c4ea946feaa8808331a9512b52798d64721e0868d6da0e606c7d433","UNVERIFIED","USED"
"ui_icon","assets/icons/icon_r2_23.svg","RuntimeRegistry/catalog","45ef7ac2a00b6acf0f046916ac74df4746c2b311becfadc5db386290a0dd0fc5","UNVERIFIED","USED"
"ui_icon","assets/icons/icon_r2_24.svg","RuntimeRegistry/catalog","4155a8a6afeb5f0f0f7f960e0b1a5bb895386ea024303439b3c7a62a6e7dfb2b","UNVERIFIED","USED"
"ui_icon","assets/icons/icon_r2_25.svg","RuntimeRegistry/catalog","2c9430aefb35c6ad261f02dada99b0ce40c5e9fa841ef046714dfd75f103f358","UNVERIFIED","USED"
"ui_icon","assets/icons/icon_r2_26.svg","RuntimeRegistry/catalog","3bec6ae1521c15ff28fe9738389fb7b0c7a1b4b3f6d042a2ff25c679ea707c6d","UNVERIFIED","USED"
"ui_icon","assets/icons/icon_r2_27.svg","RuntimeRegistry/catalog","3d1f05b0a6fe45650d8ecf36b93b8c0e38b25eebbe4c886b5ca54a248ac36203","UNVERIFIED","USED"
"ui_icon","assets/icons/icon_r2_28.svg","RuntimeRegistry/catalog","d2ec28f950e6b61e62dcd3a71cc1cb731d6bf12ebc83ec869da31f0dab1ac8fc","UNVERIFIED","USED"
"ui_icon","assets/icons/icon_r2_16.svg","RuntimeRegistry/catalog","3196093d1d5df26c7a2b3df29f39653f0633953ad32518e0039f42c606da3004","UNVERIFIED","USED"
"audio","audio/warning.wav","RuntimeRegistry/catalog","bdd42c40daedf7960c46b2c6306f2f3d5e319e1e114e4c9f066cf7d1014ddcad","UNVERIFIED","USED"
"document","document_01","prologue_clock","DATA","FICTIONAL_PROJECT_CONTENT","USED"
"document","document_02","silent_radio","DATA","FICTIONAL_PROJECT_CONTENT","USED"
"document","document_03","perfect_fake","DATA","FICTIONAL_PROJECT_CONTENT","USED"
"document","document_04","leave_patina","DATA","FICTIONAL_PROJECT_CONTENT","USED"
"document","document_05","estate_compass","DATA","FICTIONAL_PROJECT_CONTENT","USED"
"document","document_06","pawn_watch","DATA","FICTIONAL_PROJECT_CONTENT","USED"
"document","document_07","garage_lamp","DATA","FICTIONAL_PROJECT_CONTENT","USED"
"document","document_08","telephone_trace","DATA","FICTIONAL_PROJECT_CONTENT","USED"
"document","document_09","early_camera","DATA","FICTIONAL_PROJECT_CONTENT","USED"
"document","document_10","false_invoice","DATA","FICTIONAL_PROJECT_CONTENT","USED"
"document","document_11","mislabelled_collection","DATA","FICTIONAL_PROJECT_CONTENT","USED"
"document","document_12","observatory_instrument","DATA","FICTIONAL_PROJECT_CONTENT","USED"
"document","document_13","collector_promise","DATA","FICTIONAL_PROJECT_CONTENT","USED"
"document","document_14","three_cameras","DATA","FICTIONAL_PROJECT_CONTENT","USED"
"document","document_15","shadow_camera","DATA","FICTIONAL_PROJECT_CONTENT","USED"
"document","document_16","shadow_gauge","DATA","FICTIONAL_PROJECT_CONTENT","USED"
"document","document_17","shadow_clock","DATA","FICTIONAL_PROJECT_CONTENT","USED"
"document","document_18","shadow_music_box","DATA","FICTIONAL_PROJECT_CONTENT","USED"
"document","document_19","shadow_optic","DATA","FICTIONAL_PROJECT_CONTENT","USED"
"document","document_20","composite_prototype","DATA","FICTIONAL_PROJECT_CONTENT","USED"
"document","document_21","master_chronometer","DATA","FICTIONAL_PROJECT_CONTENT","USED"
"document","document_22","master_optical","DATA","FICTIONAL_PROJECT_CONTENT","USED"
"document","document_23","master_recorder","DATA","FICTIONAL_PROJECT_CONTENT","USED"
"document","document_24","master_gauge","DATA","FICTIONAL_PROJECT_CONTENT","USED"
"document","document_25","master_camera","DATA","FICTIONAL_PROJECT_CONTENT","USED"
"document","document_26","master_mechanism","DATA","FICTIONAL_PROJECT_CONTENT","USED"
"document","document_27","prologue_clock","DATA","FICTIONAL_PROJECT_CONTENT","USED"
"document","document_28","silent_radio","DATA","FICTIONAL_PROJECT_CONTENT","USED"
"document","document_29","perfect_fake","DATA","FICTIONAL_PROJECT_CONTENT","USED"
"document","document_30","leave_patina","DATA","FICTIONAL_PROJECT_CONTENT","USED"
"environment","small_workshop","3d_workshop","DATA","PROJECT_GENERATED","USED"
"environment","upgraded_workshop","3d_workshop","DATA","PROJECT_GENERATED","USED"
"environment","local_market","presentation","DATA","PROJECT_GENERATED","USED"
"environment","estate_storage","presentation","DATA","PROJECT_GENERATED","USED"
"environment","archive_room","presentation","DATA","PROJECT_GENERATED","USED"
"environment","regional_auction","presentation","DATA","PROJECT_GENERATED","USED"
"environment","museum_room","presentation","DATA","PROJECT_GENERATED","USED"
"environment","premium_showroom","presentation","DATA","PROJECT_GENERATED","USED"
"environment","grand_reserve_hall","3d_grand_reserve","DATA","PROJECT_GENERATED","USED"
"unique_story_artifact","story_artifact_01","prologue_clock","DATA","FICTIONAL_PROJECT_CONTENT","USED"
"unique_story_artifact","story_artifact_02","silent_radio","DATA","FICTIONAL_PROJECT_CONTENT","USED"
"unique_story_artifact","story_artifact_03","perfect_fake","DATA","FICTIONAL_PROJECT_CONTENT","USED"
"unique_story_artifact","story_artifact_04","leave_patina","DATA","FICTIONAL_PROJECT_CONTENT","USED"
"unique_story_artifact","story_artifact_05","estate_compass","DATA","FICTIONAL_PROJECT_CONTENT","USED"
"unique_story_artifact","story_artifact_06","pawn_watch","DATA","FICTIONAL_PROJECT_CONTENT","USED"
"unique_story_artifact","story_artifact_07","garage_lamp","DATA","FICTIONAL_PROJECT_CONTENT","USED"
"unique_story_artifact","story_artifact_08","telephone_trace","DATA","FICTIONAL_PROJECT_CONTENT","USED"
"unique_story_artifact","story_artifact_09","early_camera","DATA","FICTIONAL_PROJECT_CONTENT","USED"
"unique_story_artifact","story_artifact_10","false_invoice","DATA","FICTIONAL_PROJECT_CONTENT","USED"
"unique_story_artifact","story_artifact_11","mislabelled_collection","DATA","FICTIONAL_PROJECT_CONTENT","USED"
"unique_story_artifact","story_artifact_12","observatory_instrument","DATA","FICTIONAL_PROJECT_CONTENT","USED"
"unique_story_artifact","story_artifact_13","collector_promise","DATA","FICTIONAL_PROJECT_CONTENT","USED"
"unique_story_artifact","story_artifact_14","three_cameras","DATA","FICTIONAL_PROJECT_CONTENT","USED"
"unique_story_artifact","story_artifact_15","shadow_camera","DATA","FICTIONAL_PROJECT_CONTENT","USED"
"unique_story_artifact","story_artifact_16","shadow_gauge","DATA","FICTIONAL_PROJECT_CONTENT","USED"
"unique_story_artifact","story_artifact_17","shadow_clock","DATA","FICTIONAL_PROJECT_CONTENT","USED"
"unique_story_artifact","story_artifact_18","shadow_music_box","DATA","FICTIONAL_PROJECT_CONTENT","USED"
"unique_story_artifact","story_artifact_19","shadow_optic","DATA","FICTIONAL_PROJECT_CONTENT","USED"
"unique_story_artifact","story_artifact_20","composite_prototype","DATA","FICTIONAL_PROJECT_CONTENT","USED"
